<?xml version="1.0" encoding="UTF-8"?>
<!DOCTYPE hibernate-mapping PUBLIC "-//Hibernate/Hibernate Mapping DTD 3.0//EN" "http://hibernate.sourceforge.net/hibernate-mapping-3.0.dtd">
<!-- Generated 08-Jun-2011 16:56:09 by Hibernate Tools 3.2.1.GA -->
<hibernate-mapping>
  <class name="ConnectionDataBase.Departmentinfo" schema="public" table="departmentinfo">
    <id name="idname" type="string">
      <column name="idname"/>
      <generator class="assigned"/>
    </id>
    <property name="name" type="string">
      <column name="name" unique="true"/>
    </property>
  </class>
</hibernate-mapping>
