<?xml version="1.0"?>
<!DOCTYPE hibernate-mapping PUBLIC "-//Hibernate/Hibernate Mapping DTD 3.0//EN"
"http://hibernate.sourceforge.net/hibernate-mapping-3.0.dtd">
<!-- Generated 09-Jun-2011 15:21:06 by Hibernate Tools 3.2.1.GA -->
<hibernate-mapping>
    <class name="ConnectionDataBase.Lecturersavailable" table="lecturersavailable" schema="public">
        <id name="lecturername" type="string">
            <column name="lecturername" />
            <generator class="assigned" />
        </id>
        <property name="idname" type="string">
            <column name="idname" />
        </property>
    </class>
</hibernate-mapping>
