<?xml version="1.0" encoding="UTF-8"?>
<!DOCTYPE hibernate-mapping PUBLIC "-//Hibernate/Hibernate Mapping DTD 3.0//EN" "http://hibernate.sourceforge.net/hibernate-mapping-3.0.dtd">
<!-- Generated 08-Jun-2011 16:56:09 by Hibernate Tools 3.2.1.GA -->
<hibernate-mapping>
  <class name="ConnectionDataBase.Lecturers" schema="public" table="lecturers">
    <id name="lecturername" type="string">
      <column name="lecturername"/>
      <generator class="assigned"/>
    </id>
    <property name="price" type="int">
      <column name="price" not-null="true"/>
    </property>
    <property name="usable" type="boolean">
      <column name="usable" not-null="true"/>
    </property>
  </class>
</hibernate-mapping>
