<?xml version="1.0" encoding="UTF-8"?>
<!DOCTYPE hibernate-mapping PUBLIC "-//Hibernate/Hibernate Mapping DTD 3.0//EN" "http://hibernate.sourceforge.net/hibernate-mapping-3.0.dtd">
<!-- Generated 08-Jun-2011 16:56:09 by Hibernate Tools 3.2.1.GA -->
<hibernate-mapping>
  <class name="ConnectionDataBase.Lecturersspecializations" schema="public" table="lecturersspecializations">
    <composite-id class="ConnectionDataBase.LecturersspecializationsId" name="id">
      <key-property name="lecturername" type="string">
        <column name="lecturername"/>
      </key-property>
      <key-property name="specialization" type="string">
        <column name="specialization"/>
      </key-property>
    </composite-id>
    <property name="boost" type="java.lang.Integer">
      <column name="boost"/>
    </property>
  </class>
</hibernate-mapping>
