<?xml version="1.0"?>
<!DOCTYPE hibernate-mapping PUBLIC "-//Hibernate/Hibernate Mapping DTD 3.0//EN"
"http://hibernate.sourceforge.net/hibernate-mapping-3.0.dtd">
<!-- Generated 12-Jun-2011 20:48:40 by Hibernate Tools 3.2.1.GA -->
<hibernate-mapping>
    <class name="ConnectionDataBase.Messagesystem" table="messagesystem" schema="public">
        <id name="msgnumber" type="int">
            <column name="msgnumber" />
            <generator class="assigned" />
        </id>
        <property name="senderid" type="string">
            <column name="senderid" not-null="true" />
        </property>
        <property name="receiverid" type="string">
            <column name="receiverid" not-null="true" />
        </property>
        <property name="date" type="string">
            <column name="date" not-null="true" />
        </property>
        <property name="subject" type="string">
            <column name="subject" />
        </property>
        <property name="msg" type="string">
            <column name="msg" />
        </property>
        <property name="read" type="boolean">
            <column name="read" not-null="true" />
        </property>
        <property name="type" type="int">
            <column name="type" not-null="true" />
        </property>
    </class>
</hibernate-mapping>
