<?xml version="1.0"?>
<!DOCTYPE hibernate-mapping PUBLIC "-//Hibernate/Hibernate Mapping DTD 3.0//EN"
"http://hibernate.sourceforge.net/hibernate-mapping-3.0.dtd">
<!-- Generated 09-Jun-2011 15:21:06 by Hibernate Tools 3.2.1.GA -->
<hibernate-mapping>
    <class name="ConnectionDataBase.Players" table="players" schema="public">
        <id name="idname" type="string">
            <column name="idname" />
            <generator class="assigned" />
        </id>
        <property name="password" type="string">
            <column name="password" not-null="true" />
        </property>
        <property name="email" type="string">
            <column name="email" not-null="true" />
        </property>
        <property name="loggedin" type="java.lang.Boolean">
            <column name="loggedin" />
        </property>
    </class>
</hibernate-mapping>
