<?xml version="1.0"?>
<!DOCTYPE hibernate-mapping PUBLIC "-//Hibernate/Hibernate Mapping DTD 3.0//EN"
"http://hibernate.sourceforge.net/hibernate-mapping-3.0.dtd">
<!-- Generated 09-Jun-2011 15:21:06 by Hibernate Tools 3.2.1.GA -->
<hibernate-mapping>
    <class name="ConnectionDataBase.Playerresources" table="playerresources" schema="public">
        <id name="idname" type="string">
            <column name="idname" />
            <generator class="assigned" />
        </id>
        <property name="money" type="java.lang.Integer">
            <column name="money" />
        </property>
        <property name="researchpoints" type="java.lang.Integer">
            <column name="researchpoints" />
        </property>
        <property name="undergraduatesnumber" type="java.lang.Integer">
            <column name="undergraduatesnumber" />
        </property>
        <property name="phdsnumber" type="java.lang.Integer">
            <column name="phdsnumber" />
        </property>
    </class>
</hibernate-mapping>
